{
  "train_loss": [
    1.0642284235331865,
    1.054321664888247,
    1.0520822597024715,
    1.0500673462298855,
    1.0313511389282952,
    1.028989276395435,
    1.0321873754131055,
    1.023869519871948,
    1.0232465156411703,
    1.0124705457581884,
    0.9499806697125983,
    0.9226142791124572,
    0.8985988170699736,
    0.8881372911608325,
    0.8946296717740793,
    0.876319557230557,
    0.8897101019995403,
    0.8806329056356861,
    0.8841180085344652,
    0.8674350124412933,
    0.8691726158809873,
    0.8692756814107431,
    0.8753475402440645,
    0.8549453693285453,
    0.8683641928750857,
    0.8456987935093652,
    0.8588006183900664,
    0.8693499218309875,
    0.8693670799246932,
    0.8611437146906304,
    0.8501492003555846,
    0.8529865114034805,
    0.8523153341581337,
    0.8558303947865435,
    0.863657274275227,
    0.8426588865376152,
    0.8577639012210136,
    0.8354128481144398,
    0.8575104945133217,
    0.8445553027950556,
    0.8524927499547469,
    0.8355648519586673,
    0.8541740131589164,
    0.8253850048754068,
    0.8371026010244293
  ],
  "train_acc": [
    64.64681440443213,
    65.40858725761773,
    65.32548476454294,
    65.47783933518005,
    65.94182825484765,
    66.0387811634349,
    66.4404432132964,
    66.66897506925208,
    66.25346260387812,
    67.08448753462604,
    68.5387811634349,
    69.81994459833795,
    70.39473684210526,
    70.74792243767313,
    70.47091412742382,
    71.28808864265928,
    70.76177285318559,
    70.65789473684211,
    70.99722991689751,
    71.50277008310249,
    71.16343490304709,
    71.51662049861496,
    71.33656509695291,
    71.85595567867036,
    71.4612188365651,
    72.34072022160665,
    71.78670360110803,
    71.55817174515235,
    71.41274238227147,
    71.27423822714681,
    72.11218836565097,
    71.98060941828255,
    71.97368421052632,
    72.21606648199446,
    71.57202216066482,
    72.07756232686981,
    71.57894736842105,
    72.40997229916897,
    71.69667590027701,
    72.41689750692521,
    72.1191135734072,
    72.59002770083103,
    71.61357340720221,
    72.75623268698061,
    72.22991689750693
  ],
  "val_loss": [
    0.46829399704625924,
    0.4559055937012446,
    0.43900936968701404,
    0.4104204967464368,
    0.4522133162341167,
    0.43188266443165463,
    0.46048929064160155,
    0.411041220726887,
    0.4366813662903595,
    0.4128394041440843,
    0.3584811798268065,
    0.35957274691576196,
    0.35401633823501694,
    0.3555183350348595,
    0.3663292558882962,
    0.34198100836083445,
    0.3473953393662406,
    0.33894558750169795,
    0.33417380050055145,
    0.32631348790696907,
    0.33707264165595635,
    0.3568436431112824,
    0.3371641464224181,
    0.32474178110354956,
    0.3301922783793248,
    0.32409872393095,
    0.32226534591046807,
    0.33450673160517647,
    0.3442415796681163,
    0.31451430290783805,
    0.33948685797219424,
    0.3100897911359969,
    0.3333697996783963,
    0.31033029359256487,
    0.3260697919932991,
    0.3067319147365609,
    0.3155948423022001,
    0.32214339510489676,
    0.3154703276711948,
    0.300014750091071,
    0.3047694086874883,
    0.3244832203310636,
    0.31406002229598073,
    0.31775402997802826,
    0.29531067460967403
  ],
  "val_acc": [
    84.16963418582066,
    84.81709291032696,
    85.3026869537067,
    85.82065393331175,
    84.29912593072191,
    84.84946584655228,
    84.52573648429913,
    87.01845257364843,
    84.84946584655228,
    87.43930074457754,
    87.86014891550664,
    88.34574295888638,
    88.15150534153447,
    88.410488831337,
    87.5687924894788,
    88.6047264486889,
    88.08675946908384,
    89.05794755584331,
    88.70184525736484,
    89.12269342829394,
    88.410488831337,
    87.73065717060537,
    88.70184525736484,
    88.92845581094205,
    88.7989640660408,
    89.09032049206863,
    89.47879572677242,
    88.63709938491421,
    88.53998057623826,
    89.41404985432179,
    88.66947232113952,
    89.54354159922305,
    88.50760764001295,
    89.47879572677242,
    89.25218517319522,
    89.6730333441243,
    89.38167691809647,
    88.83133700226611,
    89.28455810942053,
    89.8348980252509,
    90.09388151505341,
    89.21981223696989,
    89.47879572677242,
    89.28455810942053,
    90.0615085788281
  ],
  "learning_rates": [
    0.001,
    0.001,
    0.001,
    0.001,
    0.001,
    0.001,
    0.001,
    0.001,
    0.001,
    0.0001,
    0.0001,
    0.0001,
    0.0001,
    0.0001,
    0.0001,
    0.0001,
    0.0001,
    0.0001,
    0.0001,
    0.0001,
    0.0001,
    0.0001,
    0.0001,
    0.0001,
    0.0001,
    0.0001,
    0.0001,
    0.0001,
    0.0001,
    0.0001,
    0.0001,
    0.0001,
    0.0001,
    0.0001,
    0.0001,
    0.0001,
    0.0001,
    0.0001,
    0.0001,
    0.0001,
    0.0001,
    0.0001,
    0.0001,
    0.0001,
    0.0001
  ]
}